{
  "react-router.config.ts": 1775244032.0,
  "type.d.ts": 1777005072.4712222,
  "vite.config.ts": 1775244032.0,
  "app\\root.tsx": 1777005093.2249246,
  "app\\routes.ts": 1776930660.3881412,
  "app\\routes\\home.tsx": 1777005158.675929,
  "app\\routes\\visualizerId.tsx": 1777030270.2639868,
  "app\\welcome\\welcome.tsx": 1775244032.0,
  "components\\Navbar.tsx": 1777005123.9992623,
  "components\\Upload.tsx": 1776930660.3918989,
  "components\\ui\\Button.tsx": 1776930660.3929055,
  "lib\\ai.action.ts": 1777030646.9853885,
  "lib\\constants.ts": 1776943278.3130379,
  "lib\\puter.action.ts": 1777009968.1768327,
  "lib\\puter.hosting.ts": 1777010035.077449,
  "lib\\utils.ts": 1776940264.187688,
  "CLAUDE.md": 1776930660.3843763,
  "GEMINI.md": 1776930660.3851254,
  "README.md": 1775244032.0,
  "graphify-out\\graph.html": 1777038078.5712554,
  "graphify-out\\GRAPH_REPORT.md": 1777038043.1617875,
  "app\\welcome\\logo-dark.svg": 1775244032.0,
  "app\\welcome\\logo-light.svg": 1775244032.0,
  "public\\elowen-2d-floor-plan-letterhead-768x576.jpg": 1776930660.4091399,
  "public\\plan.jpg": 1776930660.4101799,
  "public\\plan3d.png": 1776930660.4810772
}